               epoch,      train/box_loss,      train/obj_loss,      train/cls_loss,   metrics/precision,      metrics/recall,     metrics/mAP_0.5,metrics/mAP_0.5:0.95,        val/box_loss,        val/obj_loss,        val/cls_loss,               x/lr0,               x/lr1,               x/lr2
                   0,             0.13481,            0.020386,            0.050729,                   0,                   0,                   0,                   0,             0.12685,             0.01589,            0.050321,            0.067221,           0.0003311,           0.0003311
                   1,             0.13335,            0.021276,            0.050306,          0.00010074,            0.012945,           5.612e-05,          1.4954e-05,             0.12482,            0.016997,            0.049191,            0.034219,          0.00066224,          0.00066224
                   2,             0.13043,            0.021179,            0.049265,          0.00061543,            0.025345,          0.00034617,          9.7221e-05,              0.1247,            0.017296,            0.048291,           0.0012149,          0.00099118,          0.00099118
                   3,              0.1302,            0.022017,            0.047919,           0.0012074,             0.10439,           0.0040185,           0.0010196,             0.12244,            0.018041,            0.045867,           0.0009901,           0.0009901,           0.0009901
                   4,             0.12909,            0.022295,            0.047121,             0.86606,            0.023719,            0.024286,           0.0046552,             0.12048,            0.018164,            0.044381,           0.0009901,           0.0009901,           0.0009901
                   5,             0.12804,            0.022699,            0.046407,             0.89144,            0.090352,            0.053946,            0.014408,             0.11869,            0.018902,            0.042326,           0.0009868,           0.0009868,           0.0009868
                   6,             0.12568,            0.022879,            0.043703,             0.88874,            0.084388,            0.058335,            0.015442,             0.11673,            0.019906,            0.039779,           0.0009835,           0.0009835,           0.0009835
                   7,             0.12512,            0.023017,            0.041939,             0.88596,            0.099156,            0.053935,            0.020196,             0.11414,             0.01889,            0.037464,           0.0009802,           0.0009802,           0.0009802
                   8,             0.12183,            0.024128,            0.039959,             0.89525,             0.11224,            0.077206,            0.028679,             0.11162,             0.02018,            0.036607,           0.0009769,           0.0009769,           0.0009769
                   9,              0.1205,            0.024744,            0.039445,             0.94182,             0.10759,             0.11851,            0.051567,             0.11004,            0.019886,             0.03667,           0.0009736,           0.0009736,           0.0009736
                  10,             0.11882,            0.024623,            0.039054,             0.94888,             0.10127,             0.14308,            0.053582,             0.10575,            0.022027,            0.036128,           0.0009703,           0.0009703,           0.0009703
                  11,              0.1181,            0.026984,            0.039566,             0.94925,             0.12869,             0.16112,            0.055579,             0.10251,            0.022253,            0.035845,            0.000967,            0.000967,            0.000967
                  12,              0.1125,            0.027061,            0.037122,             0.94582,             0.12869,             0.15935,            0.062825,            0.099453,            0.023303,            0.035853,           0.0009637,           0.0009637,           0.0009637
                  13,             0.10877,            0.027805,            0.038005,             0.49133,             0.21495,             0.15811,            0.059784,            0.094668,             0.02426,            0.034801,           0.0009604,           0.0009604,           0.0009604
                  14,             0.10349,            0.029014,            0.036736,              0.4917,             0.25286,             0.19006,            0.067757,            0.087991,            0.025751,            0.034488,           0.0009571,           0.0009571,           0.0009571
                  15,             0.10112,            0.031233,            0.036849,             0.52047,             0.24056,             0.21241,            0.083743,            0.083389,            0.026302,            0.034583,           0.0009538,           0.0009538,           0.0009538
                  16,            0.099014,            0.031196,            0.037283,             0.43774,              0.3038,             0.26323,              0.1016,             0.07943,            0.025547,            0.033664,           0.0009505,           0.0009505,           0.0009505
                  17,            0.092545,            0.032681,            0.035686,             0.40098,             0.29839,             0.26646,            0.093772,            0.075435,            0.026755,            0.032863,           0.0009472,           0.0009472,           0.0009472
                  18,            0.091343,            0.031715,            0.035006,             0.29246,             0.35097,             0.29998,             0.11782,            0.073124,            0.025998,            0.032874,           0.0009439,           0.0009439,           0.0009439
                  19,            0.086669,            0.031638,            0.034676,              0.3275,             0.38581,             0.31521,             0.12683,            0.070555,            0.026227,            0.031868,           0.0009406,           0.0009406,           0.0009406
                  20,              0.0864,            0.033464,            0.033527,             0.31567,              0.4159,              0.3409,             0.12445,            0.069113,            0.025648,            0.031227,           0.0009373,           0.0009373,           0.0009373
                  21,            0.084332,             0.03104,            0.033284,             0.40947,             0.45647,             0.36044,             0.13998,            0.069465,            0.024325,            0.030254,            0.000934,            0.000934,            0.000934
                  22,            0.082293,            0.031022,            0.032315,             0.36735,              0.4696,             0.37769,             0.15279,            0.066473,            0.024892,            0.028566,           0.0009307,           0.0009307,           0.0009307
                  23,            0.084931,            0.030149,            0.031521,             0.45077,             0.47782,             0.41542,              0.1533,            0.065479,            0.023725,            0.028249,           0.0009274,           0.0009274,           0.0009274
                  24,            0.080993,            0.030906,            0.030913,              0.3911,             0.47212,             0.38378,             0.14842,            0.065978,            0.023147,            0.027038,           0.0009241,           0.0009241,           0.0009241
                  25,             0.07869,            0.031101,            0.030268,             0.51625,             0.50113,             0.45165,             0.17965,            0.062951,            0.022982,            0.027172,           0.0009208,           0.0009208,           0.0009208
                  26,            0.079339,            0.030141,             0.03087,             0.48048,              0.5189,             0.44051,              0.1702,            0.062366,             0.02298,            0.026656,           0.0009175,           0.0009175,           0.0009175
                  27,            0.073499,            0.028503,            0.030135,             0.38676,             0.53735,             0.43939,              0.1806,            0.061733,            0.023475,              0.0264,           0.0009142,           0.0009142,           0.0009142
                  28,            0.073957,            0.030666,            0.028401,             0.46222,             0.50057,             0.46728,             0.18759,            0.060779,            0.022444,            0.027105,           0.0009109,           0.0009109,           0.0009109
                  29,            0.073643,            0.030972,            0.028836,             0.46945,              0.5653,             0.46478,             0.19066,             0.05874,            0.022783,            0.025972,           0.0009076,           0.0009076,           0.0009076
                  30,            0.072632,            0.028378,            0.028144,             0.61684,             0.59381,             0.53432,             0.21379,            0.057421,            0.022136,            0.024866,           0.0009043,           0.0009043,           0.0009043
                  31,            0.069941,            0.028764,            0.027231,             0.57993,             0.58417,             0.52482,             0.21798,            0.058871,            0.021939,            0.024532,            0.000901,            0.000901,            0.000901
                  32,            0.072029,            0.029451,            0.027036,             0.46951,             0.60395,             0.54843,             0.21495,            0.058001,            0.022332,            0.024256,           0.0008977,           0.0008977,           0.0008977
                  33,            0.069909,            0.029824,            0.026462,             0.52043,             0.57518,              0.5213,             0.20428,             0.05799,            0.021759,            0.023363,           0.0008944,           0.0008944,           0.0008944
                  34,            0.068562,            0.028262,            0.025443,             0.61148,             0.61254,             0.55846,             0.21042,            0.056364,            0.021877,            0.022584,           0.0008911,           0.0008911,           0.0008911
                  35,            0.068172,            0.028666,            0.026513,             0.53197,             0.60252,             0.57949,             0.24186,             0.05558,            0.022067,            0.022581,           0.0008878,           0.0008878,           0.0008878
                  36,            0.068012,             0.02887,            0.025353,             0.57395,              0.6364,              0.5795,             0.22179,            0.056167,            0.021486,            0.021828,           0.0008845,           0.0008845,           0.0008845
                  37,            0.066797,            0.028244,            0.025041,             0.55331,             0.65495,             0.57315,             0.24414,            0.055857,            0.021219,            0.021744,           0.0008812,           0.0008812,           0.0008812
                  38,            0.066617,            0.027842,            0.024239,             0.56242,             0.65708,             0.59223,              0.2483,            0.054769,            0.020951,            0.021566,           0.0008779,           0.0008779,           0.0008779
                  39,            0.064269,             0.02811,            0.023663,             0.61196,             0.67606,             0.62714,             0.24254,            0.055509,            0.021119,            0.020814,           0.0008746,           0.0008746,           0.0008746
                  40,            0.065477,            0.029363,            0.023501,             0.50903,             0.69599,             0.58907,             0.24838,            0.053505,            0.020879,            0.021202,           0.0008713,           0.0008713,           0.0008713
                  41,            0.063638,            0.027777,            0.022487,             0.56131,             0.62432,             0.59075,             0.24114,            0.054783,            0.020932,            0.020466,            0.000868,            0.000868,            0.000868
                  42,            0.067935,            0.028554,            0.022684,             0.60052,             0.68047,             0.62513,             0.26058,            0.054092,            0.020447,            0.019135,           0.0008647,           0.0008647,           0.0008647
                  43,             0.06236,             0.02656,            0.022474,             0.63887,             0.63374,             0.61851,             0.27047,            0.052573,            0.020718,            0.020149,           0.0008614,           0.0008614,           0.0008614
                  44,            0.060241,            0.027207,            0.021734,              0.6076,             0.72054,             0.65654,             0.28704,            0.051755,            0.020181,            0.019224,           0.0008581,           0.0008581,           0.0008581
                  45,            0.063655,            0.026739,            0.022328,             0.59965,             0.65957,              0.6334,             0.24672,            0.053603,            0.020644,            0.018882,           0.0008548,           0.0008548,           0.0008548
                  46,            0.061289,            0.027672,            0.021508,             0.68717,             0.73633,             0.67824,             0.28706,            0.050279,             0.01997,            0.018002,           0.0008515,           0.0008515,           0.0008515
                  47,            0.060341,            0.027765,            0.021192,             0.64029,              0.7555,             0.70453,             0.28521,            0.051569,            0.020202,             0.01782,           0.0008482,           0.0008482,           0.0008482
                  48,            0.061888,            0.026207,             0.02087,             0.57497,             0.78519,             0.69041,             0.29651,            0.050942,            0.020474,            0.018593,           0.0008449,           0.0008449,           0.0008449
                  49,            0.059612,            0.026882,            0.020274,              0.6348,              0.7454,             0.69215,             0.29219,            0.050377,            0.020554,            0.017457,           0.0008416,           0.0008416,           0.0008416
                  50,            0.060751,            0.026278,            0.019536,              0.6388,             0.77776,              0.7195,             0.30352,            0.050605,            0.020297,             0.01811,           0.0008383,           0.0008383,           0.0008383
                  51,            0.059833,            0.027601,            0.020056,             0.68043,              0.7232,             0.71194,             0.29386,            0.051179,            0.019932,            0.017356,            0.000835,            0.000835,            0.000835
                  52,            0.060418,            0.026073,            0.019436,             0.71474,             0.72646,             0.71752,             0.28826,            0.051835,            0.020065,            0.017089,           0.0008317,           0.0008317,           0.0008317
                  53,            0.058191,            0.026513,            0.018261,             0.66829,             0.70427,             0.69024,             0.29285,             0.05197,            0.020104,            0.018272,           0.0008284,           0.0008284,           0.0008284
                  54,            0.057588,             0.02607,            0.017966,             0.69301,             0.79194,             0.75835,             0.32873,            0.048349,            0.019622,             0.01652,           0.0008251,           0.0008251,           0.0008251
                  55,            0.058301,             0.02663,            0.018765,             0.66667,             0.69834,             0.71727,             0.29218,            0.051441,            0.020126,            0.016422,           0.0008218,           0.0008218,           0.0008218
                  56,            0.058333,            0.026819,            0.017909,             0.71435,             0.80059,             0.77539,             0.32774,            0.047956,             0.01997,            0.015951,           0.0008185,           0.0008185,           0.0008185
                  57,            0.058852,            0.026798,            0.017613,             0.71486,             0.74676,             0.76768,             0.31647,            0.049455,            0.019783,            0.015428,           0.0008152,           0.0008152,           0.0008152
                  58,            0.059781,            0.026333,            0.018214,             0.73328,             0.79133,             0.78353,              0.3258,             0.04855,            0.019948,            0.015703,           0.0008119,           0.0008119,           0.0008119
                  59,            0.056019,            0.025792,            0.016767,             0.75538,             0.74492,             0.76431,             0.31961,            0.050161,            0.019715,            0.014531,           0.0008086,           0.0008086,           0.0008086
                  60,            0.057284,             0.02653,            0.016624,             0.80417,             0.73613,             0.80749,             0.35167,            0.048234,            0.019638,            0.013322,           0.0008053,           0.0008053,           0.0008053
                  61,             0.05618,            0.026299,            0.015362,             0.82825,             0.76544,             0.81918,             0.34817,            0.046869,            0.019545,            0.012902,            0.000802,            0.000802,            0.000802
                  62,            0.056428,            0.026528,            0.014762,             0.83056,             0.79906,             0.82549,             0.35616,            0.047703,             0.01947,            0.012843,           0.0007987,           0.0007987,           0.0007987
                  63,            0.055855,            0.025978,            0.014955,             0.84183,             0.79416,             0.83281,             0.36176,            0.047139,            0.019019,            0.012711,           0.0007954,           0.0007954,           0.0007954
                  64,            0.056278,            0.025335,            0.014164,             0.84537,             0.80669,             0.85075,             0.37921,            0.047099,            0.018874,            0.012018,           0.0007921,           0.0007921,           0.0007921
                  65,            0.056545,            0.025518,            0.014765,              0.8229,             0.79164,             0.84481,             0.36758,            0.047333,            0.019613,            0.012307,           0.0007888,           0.0007888,           0.0007888
                  66,            0.055096,            0.024575,            0.013421,             0.86746,             0.81398,             0.86613,             0.37422,            0.047293,            0.019083,            0.011118,           0.0007855,           0.0007855,           0.0007855
                  67,            0.056734,             0.02561,            0.013406,             0.80575,             0.74879,             0.80736,             0.34314,            0.048483,             0.01921,            0.010386,           0.0007822,           0.0007822,           0.0007822
                  68,            0.056401,            0.025656,            0.013068,              0.8479,             0.81851,             0.87288,             0.38053,            0.047412,            0.018904,            0.010931,           0.0007789,           0.0007789,           0.0007789
                  69,            0.055163,            0.026499,            0.012582,             0.83712,             0.81076,             0.86259,             0.37097,            0.047751,             0.01947,            0.010326,           0.0007756,           0.0007756,           0.0007756
                  70,            0.053999,            0.025727,            0.012723,             0.87336,             0.77218,             0.84646,             0.38123,            0.046836,            0.019677,            0.011904,           0.0007723,           0.0007723,           0.0007723
                  71,            0.053893,            0.024771,            0.011351,             0.88038,             0.81219,             0.86789,             0.38508,            0.046027,            0.019371,           0.0098912,            0.000769,            0.000769,            0.000769
                  72,            0.052916,            0.024825,            0.010805,             0.85356,             0.84854,             0.87942,             0.39287,            0.045834,             0.01903,            0.010129,           0.0007657,           0.0007657,           0.0007657
                  73,            0.052835,            0.025024,            0.010581,             0.81596,             0.82156,             0.85221,             0.38066,            0.046847,            0.019466,           0.0098359,           0.0007624,           0.0007624,           0.0007624
                  74,            0.053657,            0.024979,             0.01045,             0.89869,             0.81607,             0.87545,             0.37841,            0.047856,            0.019273,           0.0085124,           0.0007591,           0.0007591,           0.0007591
                  75,            0.054427,            0.025135,            0.010468,             0.89173,             0.80896,             0.88232,             0.39515,            0.045769,            0.019103,            0.009085,           0.0007558,           0.0007558,           0.0007558
                  76,            0.052551,            0.024543,           0.0098231,             0.89451,             0.82596,             0.87192,             0.39711,            0.045814,            0.019138,           0.0081989,           0.0007525,           0.0007525,           0.0007525
                  77,            0.054444,            0.025992,            0.010698,             0.89375,             0.85031,             0.88815,               0.384,            0.045633,             0.01873,           0.0079206,           0.0007492,           0.0007492,           0.0007492
                  78,             0.05255,             0.02526,            0.009877,             0.91394,             0.87654,             0.90926,             0.41062,            0.044747,              0.0183,           0.0079923,           0.0007459,           0.0007459,           0.0007459
                  79,            0.053702,            0.025076,            0.010024,             0.89478,                0.85,             0.89499,             0.39045,            0.045973,            0.018907,           0.0072715,           0.0007426,           0.0007426,           0.0007426
                  80,            0.053129,            0.025251,            0.009767,             0.88948,             0.87933,             0.90003,              0.3982,            0.046557,            0.018896,           0.0069448,           0.0007393,           0.0007393,           0.0007393
                  81,            0.052751,             0.02379,           0.0093658,              0.9176,             0.84114,             0.89535,             0.41312,            0.044641,            0.018428,           0.0080132,            0.000736,            0.000736,            0.000736
                  82,            0.052568,            0.024281,           0.0087452,             0.90002,             0.82155,             0.89276,             0.40393,            0.046381,            0.018783,           0.0089304,           0.0007327,           0.0007327,           0.0007327
                  83,            0.051511,            0.025549,           0.0087339,             0.89532,             0.81928,             0.88689,             0.39635,            0.045613,            0.018874,           0.0090183,           0.0007294,           0.0007294,           0.0007294
                  84,            0.051841,            0.023667,           0.0086517,             0.89706,             0.85882,             0.88984,             0.41934,            0.044444,            0.018795,            0.007718,           0.0007261,           0.0007261,           0.0007261
                  85,            0.051029,            0.024197,           0.0085577,             0.89848,             0.86524,             0.89961,             0.42044,            0.044743,            0.018868,           0.0064833,           0.0007228,           0.0007228,           0.0007228
                  86,            0.050344,            0.024452,           0.0082296,             0.87873,             0.88079,             0.90303,             0.40948,            0.046132,            0.018932,           0.0075558,           0.0007195,           0.0007195,           0.0007195
                  87,            0.053378,            0.024783,           0.0086692,             0.91058,             0.88163,             0.91465,             0.41695,            0.044415,            0.018423,           0.0066028,           0.0007162,           0.0007162,           0.0007162
                  88,            0.051985,            0.024733,           0.0082771,             0.91148,             0.85531,             0.89353,             0.41234,            0.044825,            0.018502,           0.0064626,           0.0007129,           0.0007129,           0.0007129
                  89,            0.050703,            0.023655,           0.0081771,              0.9081,             0.88069,              0.9135,             0.43039,            0.044856,            0.018485,           0.0067817,           0.0007096,           0.0007096,           0.0007096
                  90,            0.050238,            0.022796,           0.0073236,             0.91448,             0.86625,             0.91632,             0.41446,            0.044786,            0.018238,           0.0062836,           0.0007063,           0.0007063,           0.0007063
                  91,            0.053039,            0.025231,            0.007605,              0.9488,             0.86893,             0.91119,             0.42007,            0.044708,            0.018523,           0.0056626,            0.000703,            0.000703,            0.000703
                  92,            0.051822,            0.024954,           0.0073837,             0.94452,             0.85944,             0.91301,             0.41267,            0.044273,            0.018628,           0.0065195,           0.0006997,           0.0006997,           0.0006997
                  93,            0.051423,            0.024763,            0.008083,              0.9066,             0.88135,             0.91335,             0.40854,            0.044893,            0.018504,           0.0063219,           0.0006964,           0.0006964,           0.0006964
                  94,            0.049607,            0.023902,           0.0066826,              0.9367,             0.87077,             0.92379,             0.41026,            0.044365,            0.018364,           0.0059956,           0.0006931,           0.0006931,           0.0006931
                  95,            0.050279,             0.02521,           0.0066814,             0.92918,             0.89386,              0.9196,             0.42707,            0.043805,            0.017846,           0.0060373,           0.0006898,           0.0006898,           0.0006898
                  96,            0.050732,            0.024322,           0.0068753,              0.9183,             0.87656,             0.91324,             0.42254,            0.044695,            0.018793,           0.0061211,           0.0006865,           0.0006865,           0.0006865
                  97,            0.049825,            0.023734,           0.0068413,             0.93237,             0.86567,             0.90947,             0.42195,            0.043663,            0.018297,           0.0050429,           0.0006832,           0.0006832,           0.0006832
                  98,            0.050929,            0.024021,           0.0076601,             0.93214,             0.89823,             0.92988,             0.43495,            0.043167,             0.01796,           0.0044942,           0.0006799,           0.0006799,           0.0006799
                  99,            0.049073,            0.024553,            0.006727,             0.93011,             0.87943,             0.91834,              0.4326,            0.043915,            0.018002,           0.0052711,           0.0006766,           0.0006766,           0.0006766
                 100,            0.049868,            0.024446,           0.0065556,             0.92373,             0.85843,              0.9041,              0.4277,            0.043639,            0.018048,           0.0057633,           0.0006733,           0.0006733,           0.0006733
                 101,            0.048428,            0.024597,           0.0060693,             0.93847,             0.87137,             0.91791,             0.44083,            0.043562,            0.018074,           0.0055037,             0.00067,             0.00067,             0.00067
                 102,            0.049299,            0.023722,           0.0064655,             0.93303,             0.87459,             0.92088,             0.42713,            0.042828,            0.017927,            0.005274,           0.0006667,           0.0006667,           0.0006667
                 103,            0.049785,            0.023303,           0.0064273,             0.92943,             0.88005,             0.92386,             0.41225,            0.044121,            0.018399,           0.0052904,           0.0006634,           0.0006634,           0.0006634
                 104,            0.049326,            0.024412,           0.0065288,             0.93026,             0.87458,             0.91628,             0.43856,            0.043067,            0.017817,           0.0048199,           0.0006601,           0.0006601,           0.0006601
                 105,            0.049603,            0.023173,           0.0065874,              0.9178,             0.88247,             0.92373,             0.43171,            0.043719,            0.018319,           0.0052459,           0.0006568,           0.0006568,           0.0006568
                 106,             0.04895,            0.024032,           0.0061202,             0.93295,             0.87495,             0.91886,             0.42677,            0.043601,            0.017971,           0.0052687,           0.0006535,           0.0006535,           0.0006535
                 107,            0.049107,            0.024267,           0.0055998,             0.91988,             0.87962,              0.9094,             0.42625,            0.043045,             0.01783,           0.0051249,           0.0006502,           0.0006502,           0.0006502
                 108,            0.047005,            0.022546,           0.0051841,             0.90531,             0.87017,             0.89726,             0.40567,            0.044398,            0.018037,           0.0054671,           0.0006469,           0.0006469,           0.0006469
                 109,            0.048037,            0.023128,           0.0056239,              0.9188,             0.88936,             0.92499,             0.43453,            0.042811,            0.018377,           0.0066271,           0.0006436,           0.0006436,           0.0006436
                 110,            0.046956,            0.023714,            0.005559,             0.91671,             0.88476,             0.92109,             0.43997,            0.041981,            0.018235,           0.0061113,           0.0006403,           0.0006403,           0.0006403
                 111,             0.04675,            0.023367,           0.0055602,             0.91413,              0.8963,             0.92709,             0.43588,            0.042293,             0.01827,           0.0048742,            0.000637,            0.000637,            0.000637
                 112,            0.047898,            0.023869,           0.0055746,             0.93374,             0.88508,             0.91978,             0.43442,            0.042384,            0.018479,           0.0051924,           0.0006337,           0.0006337,           0.0006337
                 113,            0.047725,            0.023166,           0.0052067,             0.92793,              0.8907,             0.92316,              0.4424,            0.041957,            0.017598,           0.0049737,           0.0006304,           0.0006304,           0.0006304
                 114,            0.047935,            0.024175,           0.0054324,             0.94089,             0.85916,             0.91755,             0.43062,            0.043095,            0.018836,           0.0056212,           0.0006271,           0.0006271,           0.0006271
                 115,             0.04879,            0.024842,           0.0055811,             0.93305,             0.91643,             0.93923,             0.44652,            0.042378,            0.017603,           0.0041882,           0.0006238,           0.0006238,           0.0006238
                 116,            0.047148,            0.022309,            0.005369,             0.91556,              0.9058,             0.92434,             0.45637,            0.042273,            0.018108,           0.0048822,           0.0006205,           0.0006205,           0.0006205
                 117,            0.046197,            0.023156,           0.0049764,             0.94395,             0.89599,             0.93077,             0.44871,            0.042399,             0.01787,           0.0053896,           0.0006172,           0.0006172,           0.0006172
                 118,            0.047475,            0.024091,           0.0047282,             0.93676,             0.88558,             0.92256,             0.45641,            0.041694,            0.017993,           0.0050239,           0.0006139,           0.0006139,           0.0006139
                 119,            0.045329,             0.02242,           0.0047397,              0.9186,             0.88848,             0.92307,             0.44967,            0.042204,            0.018019,           0.0047295,           0.0006106,           0.0006106,           0.0006106
                 120,            0.046822,            0.022787,           0.0048251,             0.93566,              0.8758,              0.9279,              0.4509,            0.042501,            0.017652,           0.0051768,           0.0006073,           0.0006073,           0.0006073
                 121,            0.045738,            0.022203,           0.0049034,             0.94529,             0.86575,             0.92275,             0.43198,            0.042837,            0.018348,           0.0054589,            0.000604,            0.000604,            0.000604
                 122,            0.046672,            0.023116,           0.0048767,             0.93604,             0.86169,             0.92341,             0.43159,            0.043202,            0.017631,           0.0057314,           0.0006007,           0.0006007,           0.0006007
                 123,            0.047848,            0.023353,           0.0050744,             0.94126,             0.89215,             0.93284,             0.45687,             0.04179,            0.017269,           0.0051463,           0.0005974,           0.0005974,           0.0005974
                 124,            0.047205,            0.022551,           0.0052416,             0.93609,             0.91226,             0.94059,             0.46022,             0.04253,            0.017595,           0.0048449,           0.0005941,           0.0005941,           0.0005941
                 125,            0.046884,              0.0225,           0.0048511,              0.9331,             0.89861,             0.93268,             0.45501,            0.041412,            0.017528,           0.0060805,           0.0005908,           0.0005908,           0.0005908
                 126,            0.046133,            0.022707,           0.0045548,             0.94499,             0.88635,             0.94573,             0.45855,            0.042292,            0.017528,           0.0045903,           0.0005875,           0.0005875,           0.0005875
                 127,             0.04708,            0.022188,           0.0046801,             0.94702,             0.89882,             0.94292,             0.45482,            0.042407,            0.017768,            0.004299,           0.0005842,           0.0005842,           0.0005842
                 128,            0.045785,            0.021901,           0.0046205,             0.92471,             0.90884,             0.93961,             0.44941,            0.042415,            0.017838,           0.0052829,           0.0005809,           0.0005809,           0.0005809
                 129,            0.044644,             0.02232,           0.0045105,             0.95313,             0.88701,             0.94499,             0.45292,            0.041907,            0.017633,           0.0042521,           0.0005776,           0.0005776,           0.0005776
                 130,            0.045213,            0.023062,           0.0046302,             0.94833,             0.88489,             0.92567,             0.46626,            0.041268,            0.017747,           0.0037966,           0.0005743,           0.0005743,           0.0005743
                 131,            0.046233,            0.023304,           0.0041716,             0.93382,             0.89043,             0.93667,             0.45036,            0.042025,            0.018215,           0.0042455,            0.000571,            0.000571,            0.000571
                 132,             0.04633,            0.021579,           0.0039297,             0.94262,             0.90677,             0.94428,             0.45438,            0.041629,            0.017738,           0.0047038,           0.0005677,           0.0005677,           0.0005677
                 133,             0.04642,            0.022561,           0.0050256,             0.94312,             0.89139,             0.92813,             0.45562,            0.042388,            0.017781,           0.0046748,           0.0005644,           0.0005644,           0.0005644
                 134,            0.044978,            0.022304,           0.0042264,             0.94426,             0.90252,             0.93875,             0.45583,            0.041676,            0.017652,           0.0043294,           0.0005611,           0.0005611,           0.0005611
                 135,            0.043698,            0.021398,           0.0041386,             0.95011,             0.90947,             0.94923,             0.46582,            0.040958,            0.017447,           0.0039974,           0.0005578,           0.0005578,           0.0005578
                 136,            0.045332,            0.023051,           0.0042471,             0.95764,             0.91937,               0.946,             0.47112,            0.041134,            0.017612,           0.0041754,           0.0005545,           0.0005545,           0.0005545
                 137,            0.045059,            0.023006,           0.0044512,             0.92742,             0.91205,             0.94014,             0.45932,            0.041093,            0.017504,           0.0046256,           0.0005512,           0.0005512,           0.0005512
                 138,             0.04452,            0.022689,           0.0039601,             0.95575,             0.89649,             0.93944,             0.45036,            0.041799,            0.017584,           0.0046722,           0.0005479,           0.0005479,           0.0005479
                 139,            0.044501,            0.021481,           0.0042416,             0.94859,             0.88178,             0.92973,             0.44278,            0.041453,            0.017494,           0.0045487,           0.0005446,           0.0005446,           0.0005446
                 140,            0.044778,            0.022983,            0.003603,             0.95711,             0.88647,             0.93633,             0.46502,            0.041549,            0.017646,           0.0051045,           0.0005413,           0.0005413,           0.0005413
                 141,            0.046583,            0.023204,           0.0039433,             0.95196,             0.89437,             0.93479,             0.45268,            0.041718,            0.017396,            0.004499,            0.000538,            0.000538,            0.000538
                 142,            0.045659,            0.022001,            0.003595,             0.94463,             0.90243,             0.94299,             0.44338,            0.042545,            0.017369,           0.0045653,           0.0005347,           0.0005347,           0.0005347
                 143,            0.044933,            0.022557,           0.0038855,             0.90823,             0.92629,             0.94296,             0.46907,            0.040794,            0.017127,           0.0055955,           0.0005314,           0.0005314,           0.0005314
                 144,            0.043406,            0.021967,           0.0036604,              0.9345,             0.91159,             0.93521,             0.48868,             0.03998,             0.01712,           0.0048984,           0.0005281,           0.0005281,           0.0005281
                 145,            0.043121,            0.021631,           0.0034638,             0.94006,             0.91695,             0.94863,             0.46864,            0.040903,            0.017309,           0.0039342,           0.0005248,           0.0005248,           0.0005248
                 146,            0.044602,            0.021859,           0.0037041,             0.92795,             0.91262,             0.93741,             0.46964,            0.040445,            0.017018,           0.0050583,           0.0005215,           0.0005215,           0.0005215
                 147,            0.043696,            0.022558,           0.0037447,             0.95281,              0.9013,             0.93516,             0.46299,            0.041072,            0.017212,           0.0041267,           0.0005182,           0.0005182,           0.0005182
                 148,            0.044197,            0.021998,           0.0035383,             0.93912,             0.91012,             0.93312,             0.47624,            0.041134,            0.017025,           0.0043623,           0.0005149,           0.0005149,           0.0005149
                 149,             0.04444,            0.022008,           0.0039516,              0.9553,             0.88975,             0.94225,             0.47547,            0.040822,            0.017361,           0.0049948,           0.0005116,           0.0005116,           0.0005116
                 150,            0.044373,            0.021577,           0.0043559,             0.96434,             0.89064,             0.94047,             0.47243,            0.040686,            0.017349,           0.0043022,           0.0005083,           0.0005083,           0.0005083
                 151,            0.044949,            0.021612,           0.0038561,             0.95494,             0.89836,             0.93843,             0.46714,            0.040986,            0.017771,           0.0042157,            0.000505,            0.000505,            0.000505
                 152,            0.043003,            0.022714,           0.0035557,             0.95993,             0.89968,             0.94753,             0.47653,            0.040253,            0.017405,           0.0039083,           0.0005017,           0.0005017,           0.0005017
                 153,            0.043933,            0.021958,           0.0039041,             0.93359,             0.91447,               0.948,             0.47585,            0.040698,            0.017627,           0.0049321,           0.0004984,           0.0004984,           0.0004984
                 154,            0.043503,            0.021363,           0.0036996,             0.93385,             0.91605,             0.94255,              0.4745,            0.040593,            0.017327,           0.0042666,           0.0004951,           0.0004951,           0.0004951
                 155,            0.042654,            0.020969,           0.0034419,             0.93577,             0.89354,             0.93853,             0.47303,            0.040679,            0.017318,           0.0040235,           0.0004918,           0.0004918,           0.0004918
                 156,            0.043452,            0.021995,           0.0034906,             0.95759,             0.89477,              0.9473,             0.46231,            0.041078,            0.017977,           0.0040632,           0.0004885,           0.0004885,           0.0004885
                 157,            0.045113,            0.023733,           0.0037383,             0.95059,             0.91068,              0.9434,             0.48308,            0.040175,            0.017297,           0.0044559,           0.0004852,           0.0004852,           0.0004852
                 158,            0.045294,            0.023045,           0.0037342,             0.92036,             0.92624,             0.93577,               0.476,            0.040269,            0.017238,           0.0043054,           0.0004819,           0.0004819,           0.0004819
                 159,            0.042528,            0.022466,           0.0034428,             0.92675,             0.91275,             0.94947,             0.46797,             0.04096,            0.017278,           0.0046487,           0.0004786,           0.0004786,           0.0004786
                 160,            0.043743,            0.021927,           0.0035644,             0.92931,             0.92343,             0.93979,             0.47461,            0.040155,            0.017315,           0.0038512,           0.0004753,           0.0004753,           0.0004753
                 161,            0.041865,             0.02135,           0.0033346,             0.95039,             0.90599,             0.94192,             0.46865,            0.040817,            0.017344,           0.0041861,            0.000472,            0.000472,            0.000472
                 162,            0.042128,            0.021741,           0.0033089,             0.94203,             0.91615,             0.94859,             0.47892,            0.039807,             0.01701,           0.0044353,           0.0004687,           0.0004687,           0.0004687
                 163,            0.042638,            0.021784,           0.0027619,             0.94223,             0.91428,              0.9458,             0.47698,            0.039727,            0.017266,           0.0048648,           0.0004654,           0.0004654,           0.0004654
                 164,            0.043383,            0.022197,           0.0030816,              0.9608,             0.88996,             0.94042,             0.47903,            0.039921,            0.017505,           0.0047098,           0.0004621,           0.0004621,           0.0004621
                 165,            0.043019,             0.02245,           0.0031749,             0.95052,             0.90967,             0.93797,             0.46585,            0.041084,            0.017466,           0.0040674,           0.0004588,           0.0004588,           0.0004588
                 166,            0.042858,            0.021868,            0.003122,             0.94223,             0.91176,             0.94451,               0.478,            0.040382,            0.017024,           0.0042613,           0.0004555,           0.0004555,           0.0004555
                 167,            0.042718,            0.021459,           0.0033841,             0.95222,             0.91621,             0.94141,             0.48084,            0.039689,            0.017083,           0.0040326,           0.0004522,           0.0004522,           0.0004522
                 168,            0.042925,            0.021947,            0.003174,             0.95458,             0.91276,             0.95149,             0.48174,            0.039927,            0.016925,           0.0039369,           0.0004489,           0.0004489,           0.0004489
                 169,            0.041935,            0.021741,           0.0030165,             0.93451,             0.92863,             0.94808,             0.48358,            0.039805,            0.017047,           0.0047093,           0.0004456,           0.0004456,           0.0004456
                 170,            0.041858,            0.021707,           0.0027858,             0.93774,             0.92352,             0.94077,             0.48017,            0.039994,            0.017048,           0.0040227,           0.0004423,           0.0004423,           0.0004423
                 171,            0.042823,            0.022183,           0.0032682,             0.94551,             0.91247,              0.9481,              0.4708,            0.040416,             0.01704,           0.0049881,            0.000439,            0.000439,            0.000439
                 172,            0.041802,            0.021891,           0.0029064,             0.95426,             0.89983,             0.94187,             0.47423,            0.040463,            0.017261,           0.0043396,           0.0004357,           0.0004357,           0.0004357
                 173,            0.041643,            0.021185,           0.0029993,             0.94215,             0.90065,             0.93923,             0.48114,            0.039788,            0.017229,           0.0050136,           0.0004324,           0.0004324,           0.0004324
                 174,            0.041598,            0.020607,           0.0036371,             0.94115,             0.90005,             0.94072,              0.4729,            0.039611,            0.017351,           0.0054325,           0.0004291,           0.0004291,           0.0004291
                 175,            0.041282,            0.020946,           0.0029644,              0.9539,             0.91457,             0.94523,             0.48577,            0.038944,            0.017029,           0.0043722,           0.0004258,           0.0004258,           0.0004258
                 176,             0.04327,            0.022299,           0.0036554,              0.9346,             0.92203,             0.93234,             0.47469,            0.039689,            0.017147,           0.0053101,           0.0004225,           0.0004225,           0.0004225
                 177,            0.040662,            0.021355,           0.0028806,             0.94432,             0.91494,             0.93902,             0.48035,            0.039726,            0.017468,           0.0048319,           0.0004192,           0.0004192,           0.0004192
                 178,            0.041601,            0.022058,           0.0029923,             0.93605,             0.90746,             0.93127,             0.47918,            0.039662,            0.017273,           0.0047904,           0.0004159,           0.0004159,           0.0004159
                 179,            0.040676,            0.021544,           0.0028982,             0.94656,             0.90633,             0.94222,             0.47589,            0.039786,            0.016999,           0.0047387,           0.0004126,           0.0004126,           0.0004126
                 180,            0.040338,            0.021563,           0.0026708,             0.91853,             0.92586,             0.93451,             0.48181,            0.039255,            0.016739,           0.0053309,           0.0004093,           0.0004093,           0.0004093
                 181,            0.040743,            0.022067,           0.0027803,             0.93325,             0.91008,              0.9354,              0.4852,            0.039858,            0.017341,           0.0059776,            0.000406,            0.000406,            0.000406
                 182,            0.042137,            0.021341,           0.0031595,             0.94716,              0.9181,             0.94932,             0.47858,            0.040059,            0.017252,           0.0048342,           0.0004027,           0.0004027,           0.0004027
                 183,            0.043039,            0.022343,            0.003118,             0.92301,             0.90691,             0.93121,             0.48325,            0.039548,            0.017126,            0.006461,           0.0003994,           0.0003994,           0.0003994
                 184,            0.041991,            0.021975,           0.0031634,             0.94547,             0.89901,             0.94381,             0.47614,            0.040575,            0.017148,           0.0058541,           0.0003961,           0.0003961,           0.0003961
                 185,            0.041902,            0.021764,           0.0029437,             0.93552,             0.91625,             0.95056,             0.47445,            0.039876,            0.017263,            0.006151,           0.0003928,           0.0003928,           0.0003928
                 186,            0.040821,            0.021094,           0.0029345,             0.93848,             0.92401,             0.94515,              0.4844,            0.039387,            0.016912,            0.005699,           0.0003895,           0.0003895,           0.0003895
                 187,             0.04039,            0.020797,           0.0027029,             0.94839,             0.92079,             0.95738,             0.48259,            0.039538,            0.017163,           0.0044709,           0.0003862,           0.0003862,           0.0003862
                 188,            0.040939,            0.021662,           0.0026566,             0.92795,             0.92833,             0.94884,              0.4867,            0.039599,            0.017406,           0.0046037,           0.0003829,           0.0003829,           0.0003829
                 189,            0.039869,            0.021341,           0.0027145,             0.92605,             0.92157,             0.94962,             0.48938,            0.039779,            0.017178,           0.0049661,           0.0003796,           0.0003796,           0.0003796
                 190,            0.039645,            0.021656,           0.0026397,             0.95632,             0.90942,             0.95056,             0.49817,            0.038931,            0.016851,           0.0054509,           0.0003763,           0.0003763,           0.0003763
                 191,            0.040897,            0.021888,           0.0030176,             0.95033,             0.91393,             0.94992,             0.49998,            0.039158,            0.017088,           0.0049277,            0.000373,            0.000373,            0.000373
                 192,            0.040371,            0.021486,           0.0025406,             0.92555,             0.92507,             0.94684,             0.48491,            0.039499,            0.017244,           0.0044514,           0.0003697,           0.0003697,           0.0003697
                 193,            0.041046,              0.0207,            0.003104,             0.94981,             0.90706,             0.94172,             0.47982,            0.039322,            0.016998,           0.0046254,           0.0003664,           0.0003664,           0.0003664
                 194,            0.040621,             0.02141,           0.0029082,             0.93992,             0.92622,              0.9449,             0.48024,            0.040004,            0.017282,           0.0033502,           0.0003631,           0.0003631,           0.0003631
                 195,            0.039452,            0.020803,           0.0024741,             0.93046,             0.91534,             0.94256,             0.48214,            0.039429,            0.017265,            0.003687,           0.0003598,           0.0003598,           0.0003598
                 196,             0.04011,            0.021399,           0.0025585,             0.93525,              0.9068,             0.94315,             0.48562,             0.03906,            0.017052,           0.0036231,           0.0003565,           0.0003565,           0.0003565
                 197,            0.039611,            0.020319,             0.00239,             0.93524,             0.90114,             0.93819,              0.4876,            0.039366,            0.017115,           0.0038446,           0.0003532,           0.0003532,           0.0003532
                 198,            0.039381,            0.020673,           0.0027119,             0.93328,             0.91979,             0.94328,             0.49322,            0.038845,            0.016801,           0.0048016,           0.0003499,           0.0003499,           0.0003499
                 199,             0.03987,            0.020815,           0.0023819,             0.93948,              0.9188,             0.94804,             0.48646,            0.039071,            0.017175,           0.0043545,           0.0003466,           0.0003466,           0.0003466
                 200,             0.03975,            0.020896,           0.0027373,             0.94005,              0.9188,             0.94897,             0.49133,            0.038879,            0.017327,           0.0045972,           0.0003433,           0.0003433,           0.0003433
                 201,            0.040801,            0.021686,           0.0024438,             0.94007,             0.90769,             0.93877,             0.48232,            0.039211,            0.017291,           0.0051327,             0.00034,             0.00034,             0.00034
                 202,            0.040254,            0.020773,            0.002576,             0.93025,             0.91448,             0.93942,             0.47992,            0.038999,            0.016912,           0.0054396,           0.0003367,           0.0003367,           0.0003367
                 203,            0.039224,            0.020447,           0.0023074,               0.948,              0.9203,             0.94187,             0.48439,            0.039137,            0.017182,           0.0050884,           0.0003334,           0.0003334,           0.0003334
                 204,             0.03944,            0.021026,           0.0024419,             0.95227,             0.92628,             0.95371,             0.49286,            0.038518,            0.017188,           0.0043551,           0.0003301,           0.0003301,           0.0003301
                 205,            0.039927,            0.020914,           0.0029259,             0.95477,             0.91576,             0.94157,             0.48195,            0.039365,            0.017298,           0.0042509,           0.0003268,           0.0003268,           0.0003268
                 206,            0.039893,            0.020378,           0.0026269,              0.9394,             0.90465,             0.93638,             0.48218,             0.03906,            0.017495,            0.004449,           0.0003235,           0.0003235,           0.0003235
                 207,             0.03976,            0.020559,           0.0025301,             0.94904,             0.90041,             0.93961,             0.48865,            0.039094,            0.017463,           0.0046286,           0.0003202,           0.0003202,           0.0003202
                 208,            0.039268,            0.020328,           0.0022591,             0.93275,             0.91304,             0.95043,             0.49236,            0.038621,            0.017199,           0.0051475,           0.0003169,           0.0003169,           0.0003169
                 209,            0.040151,            0.021079,           0.0026184,              0.9206,             0.93349,             0.94664,             0.48411,            0.039695,            0.016981,           0.0051198,           0.0003136,           0.0003136,           0.0003136
                 210,            0.038721,             0.02004,           0.0021277,              0.9282,              0.9094,              0.9431,             0.48447,            0.038959,            0.017193,           0.0061881,           0.0003103,           0.0003103,           0.0003103
                 211,            0.039695,            0.021221,           0.0026896,             0.93229,             0.91877,             0.94294,               0.486,            0.039006,            0.017303,           0.0056882,            0.000307,            0.000307,            0.000307
                 212,            0.040562,            0.020489,           0.0024733,              0.9337,             0.90909,             0.93836,             0.48361,            0.039114,            0.017288,           0.0051118,           0.0003037,           0.0003037,           0.0003037
                 213,            0.039811,            0.020438,           0.0026264,             0.93704,             0.90983,             0.94115,             0.48415,            0.039154,            0.017222,           0.0047049,           0.0003004,           0.0003004,           0.0003004
                 214,            0.040348,            0.021723,           0.0028702,              0.9324,             0.90853,             0.94422,             0.49291,            0.039037,            0.016847,           0.0052849,           0.0002971,           0.0002971,           0.0002971
                 215,            0.039286,            0.021285,           0.0023349,             0.94888,             0.89368,             0.94669,              0.4818,            0.039556,            0.017196,           0.0040268,           0.0002938,           0.0002938,           0.0002938
                 216,             0.03973,            0.020206,           0.0027672,             0.94227,             0.89913,             0.94638,             0.48981,            0.038709,            0.016989,           0.0035422,           0.0002905,           0.0002905,           0.0002905
                 217,            0.038763,             0.02009,            0.002459,             0.94124,             0.90148,             0.93368,             0.48545,            0.038668,             0.01729,           0.0038862,           0.0002872,           0.0002872,           0.0002872
                 218,            0.038185,            0.020395,           0.0022113,             0.93614,             0.92079,             0.94927,             0.48586,            0.038807,            0.016867,           0.0038362,           0.0002839,           0.0002839,           0.0002839
                 219,             0.03882,             0.01987,           0.0024369,             0.95399,             0.91769,             0.95473,             0.49568,            0.038475,            0.016921,            0.003853,           0.0002806,           0.0002806,           0.0002806
                 220,            0.039788,            0.021349,           0.0026486,             0.93638,             0.92989,             0.95065,             0.48717,            0.039045,             0.01704,           0.0048757,           0.0002773,           0.0002773,           0.0002773
                 221,            0.039784,            0.020928,           0.0027193,             0.94631,             0.91045,             0.95246,              0.4889,            0.039381,            0.016914,           0.0045303,            0.000274,            0.000274,            0.000274
                 222,            0.038878,            0.020735,           0.0025595,              0.9652,             0.88869,             0.94585,             0.49273,            0.039095,            0.017191,           0.0044886,           0.0002707,           0.0002707,           0.0002707
                 223,            0.038862,            0.020964,           0.0022845,             0.92834,             0.91585,             0.94491,             0.49833,            0.038697,            0.016911,           0.0050842,           0.0002674,           0.0002674,           0.0002674
                 224,            0.038583,            0.019757,           0.0024713,             0.94857,             0.91812,             0.94406,             0.49813,             0.03855,            0.016859,           0.0045086,           0.0002641,           0.0002641,           0.0002641
                 225,            0.038876,            0.021238,           0.0024518,             0.95074,             0.93164,             0.95808,             0.49585,            0.038494,            0.016747,           0.0044955,           0.0002608,           0.0002608,           0.0002608
                 226,            0.038289,            0.020445,           0.0022201,             0.95383,             0.92563,             0.95306,             0.50563,            0.038732,            0.016834,           0.0046185,           0.0002575,           0.0002575,           0.0002575
                 227,            0.038439,            0.020143,           0.0023051,             0.92374,             0.94061,             0.94915,             0.49681,            0.038398,            0.016852,           0.0043526,           0.0002542,           0.0002542,           0.0002542
                 228,            0.038803,            0.020651,           0.0021529,             0.96131,              0.9043,             0.95542,             0.49503,            0.038547,            0.016777,           0.0040711,           0.0002509,           0.0002509,           0.0002509
                 229,            0.037287,            0.020016,           0.0021166,             0.94848,             0.92299,             0.95267,             0.49817,             0.03874,            0.016969,           0.0039938,           0.0002476,           0.0002476,           0.0002476
                 230,            0.037846,            0.020058,           0.0021307,             0.96964,             0.89988,              0.9497,             0.49481,            0.038537,            0.016858,           0.0032941,           0.0002443,           0.0002443,           0.0002443
                 231,            0.039692,            0.020541,           0.0024599,             0.94981,             0.92927,             0.95809,             0.49164,             0.03878,            0.016961,           0.0033287,            0.000241,            0.000241,            0.000241
                 232,            0.037902,            0.020042,           0.0023661,             0.93842,             0.92178,             0.95316,             0.48974,            0.038671,            0.017305,           0.0032457,           0.0002377,           0.0002377,           0.0002377
                 233,            0.038738,            0.021825,           0.0023408,             0.94365,             0.92232,              0.9586,             0.50521,            0.038194,             0.01691,           0.0033967,           0.0002344,           0.0002344,           0.0002344
                 234,            0.038261,            0.021128,           0.0024583,             0.95253,             0.91493,              0.9557,             0.49759,            0.038366,            0.016741,           0.0035467,           0.0002311,           0.0002311,           0.0002311
                 235,              0.0384,             0.02093,           0.0023253,             0.94989,             0.91741,             0.94947,             0.49538,            0.038658,            0.016657,           0.0034324,           0.0002278,           0.0002278,           0.0002278
                 236,            0.037164,            0.020673,           0.0021005,             0.94166,             0.93659,               0.963,             0.50066,            0.038293,            0.016553,           0.0038726,           0.0002245,           0.0002245,           0.0002245
                 237,            0.037881,            0.020834,           0.0022438,              0.9475,             0.91726,             0.95297,             0.49192,            0.038594,            0.016969,           0.0040462,           0.0002212,           0.0002212,           0.0002212
                 238,             0.03792,            0.019669,           0.0021475,             0.94378,             0.90314,             0.94628,              0.4983,            0.038306,            0.016949,            0.003874,           0.0002179,           0.0002179,           0.0002179
                 239,            0.037024,            0.019853,           0.0018133,             0.94151,             0.92429,              0.9518,             0.48769,            0.038749,            0.016771,           0.0035031,           0.0002146,           0.0002146,           0.0002146
                 240,            0.037791,             0.02107,           0.0021799,             0.94632,             0.91769,             0.95006,             0.49704,            0.038074,             0.01677,           0.0035522,           0.0002113,           0.0002113,           0.0002113
                 241,            0.038578,            0.020296,           0.0023298,             0.93802,             0.92993,             0.95426,             0.49303,            0.038405,            0.016863,           0.0032639,            0.000208,            0.000208,            0.000208
                 242,            0.037652,            0.019701,            0.002035,             0.93171,             0.93174,             0.95888,             0.49007,            0.038509,            0.017095,           0.0033438,           0.0002047,           0.0002047,           0.0002047
                 243,            0.037521,            0.020929,           0.0020705,             0.92293,              0.9281,             0.95188,             0.48962,            0.038337,            0.017042,           0.0034144,           0.0002014,           0.0002014,           0.0002014
                 244,            0.037599,            0.020326,           0.0020026,             0.93669,             0.93661,             0.95516,             0.49693,            0.038156,            0.016646,           0.0035181,           0.0001981,           0.0001981,           0.0001981
                 245,            0.037629,            0.020373,           0.0022199,             0.94271,             0.92605,             0.95226,             0.49697,            0.038414,            0.017042,           0.0034434,           0.0001948,           0.0001948,           0.0001948
                 246,            0.036548,            0.019294,           0.0018331,             0.93678,             0.93675,             0.95697,             0.49454,             0.03817,            0.016662,           0.0036637,           0.0001915,           0.0001915,           0.0001915
                 247,            0.036486,            0.020168,           0.0021347,             0.92299,             0.94544,             0.95593,             0.49257,            0.038237,            0.016732,           0.0037705,           0.0001882,           0.0001882,           0.0001882
                 248,            0.037171,            0.019848,           0.0018447,             0.94935,             0.92166,             0.95769,             0.49914,            0.038181,            0.016705,           0.0039153,           0.0001849,           0.0001849,           0.0001849
                 249,            0.036954,            0.019888,           0.0017096,             0.95474,             0.91982,             0.95693,             0.50323,            0.038079,            0.016569,            0.003733,           0.0001816,           0.0001816,           0.0001816
                 250,            0.035863,            0.018413,           0.0019472,             0.93845,             0.91729,             0.95181,             0.49936,            0.038283,            0.016666,           0.0036802,           0.0001783,           0.0001783,           0.0001783
                 251,            0.037798,            0.019989,           0.0020951,             0.91905,             0.92843,             0.94953,             0.49004,            0.038589,            0.016818,           0.0040585,            0.000175,            0.000175,            0.000175
                 252,            0.037754,            0.020855,           0.0019298,             0.93087,             0.92674,             0.95063,             0.49945,            0.037989,            0.016722,           0.0044398,           0.0001717,           0.0001717,           0.0001717
                 253,            0.036965,            0.020007,           0.0020214,             0.94682,             0.92373,             0.95778,             0.50232,            0.038128,            0.016638,           0.0044093,           0.0001684,           0.0001684,           0.0001684
                 254,            0.036809,             0.02036,           0.0019883,              0.9362,             0.92451,             0.94389,             0.50002,            0.038092,            0.016711,            0.004623,           0.0001651,           0.0001651,           0.0001651
                 255,            0.036418,            0.019976,            0.001926,             0.95073,             0.91806,             0.94882,             0.50046,            0.038373,            0.016756,           0.0043252,           0.0001618,           0.0001618,           0.0001618
                 256,             0.03769,            0.019798,           0.0023781,             0.93951,             0.91725,             0.94404,             0.49738,            0.038685,             0.01693,            0.004161,           0.0001585,           0.0001585,           0.0001585
                 257,            0.036286,            0.020328,           0.0021267,             0.93984,             0.91803,             0.94691,             0.49753,            0.038564,            0.016849,           0.0041862,           0.0001552,           0.0001552,           0.0001552
                 258,            0.036634,            0.019044,           0.0021004,             0.93505,             0.92254,             0.95217,             0.50632,            0.038189,            0.016825,           0.0038996,           0.0001519,           0.0001519,           0.0001519
                 259,            0.036895,             0.02036,           0.0018317,             0.94167,             0.92641,             0.95619,              0.5021,            0.038231,            0.016917,           0.0036937,           0.0001486,           0.0001486,           0.0001486
                 260,             0.03805,              0.0205,           0.0016896,             0.95547,             0.91419,              0.9547,              0.5013,            0.038342,            0.016859,           0.0034395,           0.0001453,           0.0001453,           0.0001453
                 261,            0.036469,            0.019924,           0.0018172,             0.94842,             0.91164,             0.95069,             0.50056,            0.038379,            0.016913,           0.0034307,            0.000142,            0.000142,            0.000142
                 262,            0.037438,            0.020766,           0.0021767,             0.95073,             0.90959,             0.95153,             0.50772,            0.038045,            0.016606,           0.0033827,           0.0001387,           0.0001387,           0.0001387
                 263,            0.036149,            0.020574,           0.0018169,             0.94793,             0.92577,             0.95074,             0.50439,            0.037921,            0.016534,           0.0033119,           0.0001354,           0.0001354,           0.0001354
                 264,            0.037304,            0.020498,           0.0018548,             0.97018,             0.91604,             0.95692,             0.50089,            0.038231,            0.016687,           0.0035436,           0.0001321,           0.0001321,           0.0001321
                 265,            0.036916,            0.019953,           0.0020725,             0.92742,             0.92249,             0.94906,             0.50507,            0.037976,            0.016647,           0.0039951,           0.0001288,           0.0001288,           0.0001288
                 266,            0.036382,            0.020835,           0.0019404,             0.91936,             0.92818,             0.95258,             0.50903,            0.038101,            0.016637,           0.0034545,           0.0001255,           0.0001255,           0.0001255
                 267,            0.035597,            0.019199,           0.0019534,             0.93643,             0.92049,             0.95196,             0.50162,            0.038511,            0.016749,           0.0030893,           0.0001222,           0.0001222,           0.0001222
                 268,            0.036914,            0.018892,           0.0021099,             0.92047,             0.92997,             0.94783,             0.50031,            0.038548,            0.016827,           0.0035949,           0.0001189,           0.0001189,           0.0001189
                 269,            0.035993,            0.019905,           0.0019726,             0.93471,             0.92614,             0.94963,             0.50514,            0.038154,            0.016634,           0.0037126,           0.0001156,           0.0001156,           0.0001156
                 270,            0.036208,             0.02017,           0.0018423,               0.929,             0.92506,             0.94516,               0.496,            0.038584,            0.016731,           0.0040247,           0.0001123,           0.0001123,           0.0001123
                 271,            0.035854,            0.020021,           0.0020991,             0.92964,             0.93637,             0.94952,             0.49305,            0.038395,            0.016601,           0.0037088,            0.000109,            0.000109,            0.000109
                 272,            0.036735,            0.021023,           0.0018984,             0.93162,             0.92409,             0.94348,             0.50111,            0.038417,             0.01654,           0.0035516,           0.0001057,           0.0001057,           0.0001057
                 273,            0.035644,            0.019765,           0.0018438,             0.90992,              0.9432,             0.94648,              0.4982,            0.038692,            0.016517,             0.00395,           0.0001024,           0.0001024,           0.0001024
                 274,            0.036607,            0.020196,           0.0021646,             0.92928,             0.92681,             0.94743,              0.5029,            0.038662,            0.016521,           0.0040952,            9.91e-05,            9.91e-05,            9.91e-05
                 275,            0.036392,            0.019742,           0.0018157,             0.94711,             0.92038,             0.95615,             0.50145,            0.038541,            0.016572,           0.0041028,            9.58e-05,            9.58e-05,            9.58e-05
                 276,            0.035789,            0.019533,           0.0019675,             0.93585,             0.92724,             0.95319,             0.49866,            0.038475,            0.016545,           0.0041261,            9.25e-05,            9.25e-05,            9.25e-05
                 277,            0.036947,            0.020537,           0.0019588,             0.94429,             0.92533,             0.95278,             0.50191,            0.038458,            0.016607,           0.0039572,            8.92e-05,            8.92e-05,            8.92e-05
                 278,            0.036354,            0.019652,           0.0021558,              0.9321,             0.92912,             0.95061,             0.49513,            0.038512,            0.016734,           0.0039703,            8.59e-05,            8.59e-05,            8.59e-05
                 279,            0.036043,            0.020131,           0.0019026,             0.91992,             0.93434,             0.94663,             0.49701,            0.038353,            0.016658,           0.0040467,            8.26e-05,            8.26e-05,            8.26e-05
                 280,            0.035865,            0.019405,           0.0019467,             0.93303,             0.93283,             0.95338,              0.5024,            0.038272,            0.016659,           0.0040373,            7.93e-05,            7.93e-05,            7.93e-05
                 281,            0.035588,            0.019322,           0.0017067,             0.93044,             0.94104,             0.95439,             0.50013,            0.038147,            0.016539,           0.0037729,             7.6e-05,             7.6e-05,             7.6e-05
                 282,            0.036048,            0.019793,           0.0018474,             0.93302,             0.93893,             0.95622,             0.50788,            0.037992,            0.016538,           0.0034426,            7.27e-05,            7.27e-05,            7.27e-05
                 283,            0.036435,            0.019532,           0.0018531,             0.92102,             0.94006,              0.9552,               0.507,            0.038018,            0.016591,           0.0034753,            6.94e-05,            6.94e-05,            6.94e-05
                 284,            0.035097,            0.019033,           0.0017124,             0.94601,             0.91016,             0.95416,             0.49877,             0.03826,            0.016754,           0.0038148,            6.61e-05,            6.61e-05,            6.61e-05
                 285,            0.035002,            0.019404,           0.0014619,             0.93188,             0.93119,             0.95829,             0.50374,            0.038278,            0.016862,            0.003612,            6.28e-05,            6.28e-05,            6.28e-05
                 286,            0.035554,            0.019395,           0.0018925,             0.93015,             0.92888,             0.95579,             0.50917,            0.038019,            0.016775,            0.003421,            5.95e-05,            5.95e-05,            5.95e-05
                 287,            0.034747,            0.019142,           0.0014788,             0.92899,             0.92961,             0.95389,             0.50236,            0.037947,            0.016579,           0.0033567,            5.62e-05,            5.62e-05,            5.62e-05
                 288,            0.036088,            0.020296,           0.0017662,              0.9107,             0.94687,             0.95966,             0.50327,            0.038157,            0.016573,              0.0034,            5.29e-05,            5.29e-05,            5.29e-05
                 289,            0.035851,            0.020041,           0.0017345,             0.93112,             0.94012,             0.96449,              0.5057,            0.038055,            0.016644,           0.0033514,            4.96e-05,            4.96e-05,            4.96e-05
                 290,            0.036118,            0.019746,           0.0020469,             0.93774,             0.92149,             0.95241,             0.50088,            0.038085,            0.016719,           0.0033616,            4.63e-05,            4.63e-05,            4.63e-05
                 291,            0.035766,            0.019484,             0.00195,               0.933,              0.9221,             0.95175,             0.49599,            0.038363,             0.01675,           0.0035596,             4.3e-05,             4.3e-05,             4.3e-05
                 292,            0.036034,             0.01992,           0.0019676,             0.95527,              0.9033,             0.95096,             0.49582,            0.038366,            0.016742,           0.0036158,            3.97e-05,            3.97e-05,            3.97e-05
                 293,            0.035237,            0.018894,           0.0015945,             0.93948,             0.91939,             0.95592,             0.50001,            0.038203,            0.016712,           0.0036314,            3.64e-05,            3.64e-05,            3.64e-05
                 294,            0.036316,             0.02015,           0.0021439,             0.92801,             0.92936,             0.95738,             0.50147,            0.038424,            0.016778,           0.0035649,            3.31e-05,            3.31e-05,            3.31e-05
                 295,            0.035242,            0.019412,           0.0017774,             0.92785,             0.93346,             0.95593,             0.50547,            0.038016,            0.016767,           0.0035327,            2.98e-05,            2.98e-05,            2.98e-05
                 296,            0.034625,            0.019786,            0.001803,             0.92914,             0.91717,             0.94906,             0.49904,            0.038321,            0.016773,           0.0035948,            2.65e-05,            2.65e-05,            2.65e-05
                 297,            0.034742,            0.019028,           0.0015394,             0.93219,             0.92286,             0.95021,             0.49964,            0.038131,             0.01667,           0.0036101,            2.32e-05,            2.32e-05,            2.32e-05
                 298,            0.034669,            0.018771,            0.001461,             0.93186,             0.92122,             0.94769,             0.49929,            0.038192,            0.016711,           0.0036158,            1.99e-05,            1.99e-05,            1.99e-05
                 299,            0.034946,            0.019942,           0.0019032,              0.9367,             0.92299,              0.9502,             0.49925,             0.03815,            0.016753,           0.0034977,            1.66e-05,            1.66e-05,            1.66e-05
